-- phpMyAdmin SQL Dump
-- version 4.6.4
-- https://www.phpmyadmin.net/
--
-- Client :  127.0.0.1
-- Généré le :  Ven 01 Décembre 2017 à 13:00
-- Version du serveur :  5.7.14
-- Version de PHP :  5.6.25

SET SQL_MODE = "NO_AUTO_VALUE_ON_ZERO";
SET time_zone = "+00:00";


/*!40101 SET @OLD_CHARACTER_SET_CLIENT=@@CHARACTER_SET_CLIENT */;
/*!40101 SET @OLD_CHARACTER_SET_RESULTS=@@CHARACTER_SET_RESULTS */;
/*!40101 SET @OLD_COLLATION_CONNECTION=@@COLLATION_CONNECTION */;
/*!40101 SET NAMES utf8mb4 */;

--
-- Base de données :  `perrint_vlib`
--

-- --------------------------------------------------------

--
-- Structure de la table `abonne`
--

CREATE TABLE `abonne` (
  `CODEACCES` varchar(8) NOT NULL,
  `CODESECRET` int(4) NOT NULL,
  `CODEA` varchar(10) NOT NULL,
  `NOM` char(32) DEFAULT NULL,
  `PRENOM` char(32) DEFAULT NULL,
  `DATEDEB_ABON` date DEFAULT NULL,
  `DATEFINABON` date DEFAULT NULL,
  `CREDITTEMPS` decimal(10,2) DEFAULT NULL,
  `MONTANTADEBITER` decimal(10,2) DEFAULT NULL
) ENGINE=InnoDB DEFAULT CHARSET=utf8mb4;

--
-- Contenu de la table `abonne`
--

INSERT INTO `abonne` (`CODEACCES`, `CODESECRET`, `CODEA`, `NOM`, `PRENOM`, `DATEDEB_ABON`, `DATEFINABON`, `CREDITTEMPS`, `MONTANTADEBITER`) VALUES
('root', 1234, '1mois', 'root', 'root', NULL, NULL, NULL, NULL);

-- --------------------------------------------------------

--
-- Structure de la table `abonnement`
--

CREATE TABLE `abonnement` (
  `CODEA` varchar(10) NOT NULL,
  `LIBELLEA` varchar(10) DEFAULT NULL,
  `DUREEA` int(3) DEFAULT NULL,
  `MONTANTA` decimal(10,2) DEFAULT NULL,
  `CREDITTEMPSBASE` decimal(10,2) DEFAULT NULL,
  `TARIFHORAIRE` decimal(3,2) DEFAULT NULL,
  `CAUTION` decimal(5,0) DEFAULT NULL,
  `TYPEA` varchar(15) DEFAULT NULL
) ENGINE=InnoDB DEFAULT CHARSET=utf8mb4;

--
-- Contenu de la table `abonnement`
--

INSERT INTO `abonnement` (`CODEA`, `LIBELLEA`, `DUREEA`, `MONTANTA`, `CREDITTEMPSBASE`, `TARIFHORAIRE`, `CAUTION`, `TYPEA`) VALUES
('1an', '1 an', 365, '35.00', '21900.00', '1.00', '200', NULL),
('1mois', '1 mois', 30, '15.00', '720.00', '1.00', '200', NULL),
('24h', '24 heures', 24, '1.60', '24.00', '2.00', '200', NULL);

-- --------------------------------------------------------

--
-- Structure de la table `etat_plot`
--

CREATE TABLE `etat_plot` (
  `HEURE` time NOT NULL,
  `DATEM` date NOT NULL,
  `NUMS` varchar(5) NOT NULL,
  `NUM` varchar(10) NOT NULL,
  `ETATP` varchar(15) DEFAULT NULL,
  `DUREEINTERV` decimal(3,2) DEFAULT NULL
) ENGINE=InnoDB DEFAULT CHARSET=utf8mb4;

-- --------------------------------------------------------

--
-- Structure de la table `etat_station`
--

CREATE TABLE `etat_station` (
  `HEURE` time NOT NULL,
  `DATEM` date NOT NULL,
  `NUMS` varchar(5) NOT NULL,
  `ETATS` varchar(15) DEFAULT NULL,
  `DUREEINTERV` decimal(3,2) DEFAULT NULL
) ENGINE=InnoDB DEFAULT CHARSET=utf8mb4;

-- --------------------------------------------------------

--
-- Structure de la table `etat_velo`
--

CREATE TABLE `etat_velo` (
  `HEURE` time NOT NULL,
  `DATEM` date NOT NULL,
  `NUMV` varchar(10) NOT NULL,
  `ETATV` varchar(15) DEFAULT NULL,
  `DUREEINTERV` decimal(3,2) DEFAULT NULL
) ENGINE=InnoDB DEFAULT CHARSET=utf8mb4;

-- --------------------------------------------------------

--
-- Structure de la table `louer`
--

CREATE TABLE `louer` (
  `CODEACCES` varchar(8) NOT NULL,
  `CODESECRET` int(4) NOT NULL,
  `NUMV` varchar(10) NOT NULL,
  `HEURE` time NOT NULL,
  `DATEM` date NOT NULL,
  `TEMPSLOC` decimal(5,2) DEFAULT NULL
) ENGINE=InnoDB DEFAULT CHARSET=utf8mb4;

-- --------------------------------------------------------

--
-- Structure de la table `plot`
--

CREATE TABLE `plot` (
  `NUMS` varchar(5) NOT NULL,
  `NUM` varchar(10) NOT NULL,
  `NUMV` varchar(10) DEFAULT NULL,
  `ETAT` varchar(2) DEFAULT NULL
) ENGINE=InnoDB DEFAULT CHARSET=utf8mb4;

--
-- Contenu de la table `plot`
--

INSERT INTO `plot` (`NUMS`, `NUM`, `NUMV`, `ETAT`) VALUES
('1', '1', '1', 'ES'),
('1', '10', '2', 'ES'),
('1', '11', '3', 'ES'),
('1', '12', '4', 'ES'),
('1', '13', '5', 'ES'),
('1', '14', '6', 'ES'),
('1', '15', '7', 'ES'),
('1', '16', '8', 'ES'),
('1', '17', '9', 'ES'),
('1', '18', '10', 'ES'),
('1', '19', '11', 'ES'),
('1', '2', '12', 'ES'),
('1', '20', '13', 'ES'),
('1', '21', '14', 'ES'),
('1', '22', '15', 'ES'),
('1', '23', '16', 'ES'),
('1', '24', '17', 'ES'),
('1', '25', '18', 'ES'),
('1', '26', '19', 'ES'),
('1', '27', '20', 'ES'),
('1', '28', '21', 'ES'),
('1', '29', '22', 'ES'),
('1', '3', '23', 'ES'),
('1', '30', '24', 'ES'),
('1', '31', '25', 'ES'),
('1', '32', '26', 'ES'),
('1', '33', '27', 'ES'),
('1', '4', '28', 'ES'),
('1', '5', '29', 'ES'),
('1', '6', '30', 'ES'),
('1', '7', '31', 'ES'),
('1', '8', '32', 'ES'),
('1', '9', '33', 'ES'),
('104', '1', '34', 'ES'),
('104', '10', '35', 'ES'),
('104', '11', '36', 'ES'),
('104', '12', '37', 'ES'),
('104', '13', '38', 'ES'),
('104', '14', '39', 'ES'),
('104', '15', '40', 'ES'),
('104', '16', '41', 'ES'),
('104', '17', '42', 'ES'),
('104', '2', '43', 'ES'),
('104', '3', '44', 'ES'),
('104', '4', '45', 'ES'),
('104', '5', '46', 'ES'),
('104', '6', '47', 'ES'),
('104', '7', '48', 'ES'),
('104', '8', '49', 'ES'),
('104', '9', '50', 'ES'),
('107', '1', '51', 'ES'),
('107', '10', '52', 'ES'),
('107', '11', '53', 'ES'),
('107', '12', '54', 'ES'),
('107', '13', '55', 'ES'),
('107', '14', '56', 'ES'),
('107', '15', '57', 'ES'),
('107', '16', '58', 'ES'),
('107', '17', '59', 'ES'),
('107', '2', '60', 'ES'),
('107', '3', '61', 'ES'),
('107', '4', '62', 'ES'),
('107', '5', '63', 'ES'),
('107', '6', '64', 'ES'),
('107', '7', '65', 'ES'),
('107', '8', '66', 'ES'),
('107', '9', '67', 'ES'),
('108', '1', '68', 'ES'),
('108', '10', '69', 'ES'),
('108', '11', '70', 'ES'),
('108', '12', '71', 'ES'),
('108', '13', '72', 'ES'),
('108', '14', '73', 'ES'),
('108', '15', '74', 'ES'),
('108', '2', '75', 'ES'),
('108', '3', '76', 'ES'),
('108', '4', '77', 'ES'),
('108', '5', '78', 'ES'),
('108', '6', '79', 'ES'),
('108', '7', '80', 'ES'),
('108', '8', '81', 'ES'),
('108', '9', '82', 'ES'),
('110', '1', '83', 'ES'),
('110', '10', '84', 'ES'),
('110', '11', '85', 'ES'),
('110', '12', '86', 'ES'),
('110', '13', '87', 'ES'),
('110', '14', '88', 'ES'),
('110', '15', '89', 'ES'),
('110', '16', '90', 'ES'),
('110', '17', '91', 'ES'),
('110', '18', '92', 'ES'),
('110', '19', '93', 'ES'),
('110', '2', '94', 'ES'),
('110', '20', '95', 'ES'),
('110', '21', '96', 'ES'),
('110', '22', '97', 'ES'),
('110', '23', '98', 'ES'),
('110', '24', '99', 'ES'),
('110', '25', '100', 'ES'),
('110', '26', '101', 'ES'),
('110', '27', '102', 'ES'),
('110', '28', '103', 'ES'),
('110', '29', '104', 'ES'),
('110', '3', '105', 'ES'),
('110', '30', '106', 'ES'),
('110', '31', '107', 'ES'),
('110', '32', '108', 'ES'),
('110', '33', '109', 'ES'),
('110', '34', '110', 'ES'),
('110', '35', '111', 'ES'),
('110', '36', '112', 'ES'),
('110', '37', '113', 'ES'),
('110', '38', '114', 'ES'),
('110', '39', '115', 'ES'),
('110', '4', '116', 'ES'),
('110', '40', '117', 'ES'),
('110', '41', '118', 'ES'),
('110', '5', '119', 'ES'),
('110', '6', '120', 'ES'),
('110', '7', '121', 'ES'),
('110', '8', '122', 'ES'),
('110', '9', '123', 'ES'),
('112', '1', '124', 'ES'),
('112', '10', '125', 'ES'),
('112', '11', '126', 'ES'),
('112', '12', '127', 'ES'),
('112', '13', '128', 'ES'),
('112', '14', '129', 'ES'),
('112', '15', '130', 'ES'),
('112', '16', '131', 'ES'),
('112', '17', '132', 'ES'),
('112', '18', '133', 'ES'),
('112', '19', '134', 'ES'),
('112', '2', '135', 'ES'),
('112', '20', '136', 'ES'),
('112', '21', '137', 'ES'),
('112', '22', '138', 'ES'),
('112', '23', '139', 'ES'),
('112', '24', '140', 'ES'),
('112', '25', '141', 'ES'),
('112', '26', '142', 'ES'),
('112', '27', '143', 'ES'),
('112', '28', '144', 'ES'),
('112', '29', '145', 'ES'),
('112', '3', '146', 'ES'),
('112', '30', '147', 'ES'),
('112', '31', '148', 'ES'),
('112', '32', '149', 'ES'),
('112', '33', '150', 'ES'),
('112', '34', '151', 'ES'),
('112', '35', '152', 'ES'),
('112', '36', '153', 'ES'),
('112', '37', '154', 'ES'),
('112', '38', '155', 'ES'),
('112', '39', '156', 'ES'),
('112', '4', '157', 'ES'),
('112', '5', '158', 'ES'),
('112', '6', '159', 'ES'),
('112', '7', '160', 'ES'),
('112', '8', '161', 'ES'),
('112', '9', '162', 'ES'),
('114', '1', '163', 'ES'),
('114', '10', '164', 'ES'),
('114', '11', '165', 'ES'),
('114', '12', '166', 'ES'),
('114', '13', '167', 'ES'),
('114', '14', '168', 'ES'),
('114', '15', '169', 'ES'),
('114', '16', '170', 'ES'),
('114', '17', '171', 'ES'),
('114', '18', '172', 'ES'),
('114', '19', '173', 'ES'),
('114', '2', '174', 'ES'),
('114', '20', '175', 'ES'),
('114', '21', '176', 'ES'),
('114', '22', '177', 'ES'),
('114', '23', '178', 'ES'),
('114', '24', '179', 'ES'),
('114', '25', '180', 'ES'),
('114', '26', '181', 'ES'),
('114', '27', '182', 'ES'),
('114', '3', '183', 'ES'),
('114', '4', '184', 'ES'),
('114', '5', '185', 'ES'),
('114', '6', '186', 'ES'),
('114', '7', '187', 'ES'),
('114', '8', '188', 'ES'),
('114', '9', '189', 'ES'),
('117', '1', '190', 'ES'),
('117', '10', '191', 'ES'),
('117', '11', '192', 'ES'),
('117', '12', '193', 'ES'),
('117', '13', '194', 'ES'),
('117', '14', '195', 'ES'),
('117', '15', '196', 'ES'),
('117', '16', '197', 'ES'),
('117', '17', '198', 'ES'),
('117', '18', '199', 'ES'),
('117', '19', '200', 'ES'),
('117', '2', '201', 'ES'),
('117', '3', '202', 'ES'),
('117', '4', '203', 'ES'),
('117', '5', '204', 'ES'),
('117', '6', '205', 'ES'),
('117', '7', '206', 'ES'),
('117', '8', '207', 'ES'),
('117', '9', '208', 'ES'),
('12', '1', '209', 'ES'),
('12', '10', '210', 'ES'),
('12', '11', '211', 'ES'),
('12', '12', '212', 'ES'),
('12', '13', '213', 'ES'),
('12', '14', '214', 'ES'),
('12', '15', '215', 'ES'),
('12', '2', '216', 'ES'),
('12', '3', '217', 'ES'),
('12', '4', '218', 'ES'),
('12', '5', '219', 'ES'),
('12', '6', '220', 'ES'),
('12', '7', '221', 'ES'),
('12', '8', '222', 'ES'),
('12', '9', '223', 'ES'),
('125', '1', '224', 'ES'),
('125', '10', '225', 'ES'),
('125', '11', '226', 'ES'),
('125', '12', '227', 'ES'),
('125', '13', '228', 'ES'),
('125', '14', '229', 'ES'),
('125', '15', '230', 'ES'),
('125', '16', '231', 'ES'),
('125', '17', '232', 'ES'),
('125', '18', '233', 'ES'),
('125', '2', '234', 'ES'),
('125', '3', '235', 'ES'),
('125', '4', '236', 'ES'),
('125', '5', '237', 'ES'),
('125', '6', '238', 'ES'),
('125', '7', '239', 'ES'),
('125', '8', '240', 'ES'),
('125', '9', '241', 'ES'),
('131', '1', '242', 'ES'),
('131', '10', '243', 'ES'),
('131', '11', '244', 'ES'),
('131', '12', '245', 'ES'),
('131', '13', '246', 'ES'),
('131', '14', '247', 'ES'),
('131', '15', '248', 'ES'),
('131', '16', '249', 'ES'),
('131', '2', '250', 'ES'),
('131', '3', '251', 'ES'),
('131', '4', '252', 'ES'),
('131', '5', '253', 'ES'),
('131', '6', '254', 'ES'),
('131', '7', '255', 'ES'),
('131', '8', '256', 'ES'),
('131', '9', '257', 'ES'),
('138', '1', '258', 'ES'),
('138', '10', '259', 'ES'),
('138', '11', '260', 'ES'),
('138', '12', '261', 'ES'),
('138', '13', '262', 'ES'),
('138', '14', '263', 'ES'),
('138', '15', '264', 'ES'),
('138', '16', '265', 'ES'),
('138', '17', '266', 'ES'),
('138', '18', '267', 'ES'),
('138', '2', '268', 'ES'),
('138', '3', '269', 'ES'),
('138', '4', '270', 'ES'),
('138', '5', '271', 'ES'),
('138', '6', '272', 'ES'),
('138', '7', '273', 'ES'),
('138', '8', '274', 'ES'),
('138', '9', '275', 'ES'),
('14', '1', '276', 'ES'),
('14', '10', '277', 'ES'),
('14', '11', '278', 'ES'),
('14', '12', '279', 'ES'),
('14', '13', '280', 'ES'),
('14', '14', '281', 'ES'),
('14', '2', '282', 'ES'),
('14', '3', '283', 'ES'),
('14', '4', '284', 'ES'),
('14', '5', '285', 'ES'),
('14', '6', '286', 'ES'),
('14', '7', '287', 'ES'),
('14', '8', '288', 'ES'),
('14', '9', '289', 'ES'),
('142', '1', '290', 'ES'),
('142', '10', '291', 'ES'),
('142', '11', '292', 'ES'),
('142', '12', '293', 'ES'),
('142', '13', '294', 'ES'),
('142', '14', '295', 'ES'),
('142', '15', '296', 'ES'),
('142', '16', '297', 'ES'),
('142', '17', '298', 'ES'),
('142', '18', '299', 'ES'),
('142', '19', '300', 'ES'),
('142', '2', '301', 'ES'),
('142', '3', '302', 'ES'),
('142', '4', '303', 'ES'),
('142', '5', '304', 'ES'),
('142', '6', '305', 'ES'),
('142', '7', '306', 'ES'),
('142', '8', '307', 'ES'),
('142', '9', '308', 'ES'),
('145', '1', '309', 'ES'),
('145', '10', '310', 'ES'),
('145', '11', '311', 'ES'),
('145', '12', '312', 'ES'),
('145', '13', '313', 'ES'),
('145', '14', '314', 'ES'),
('145', '15', '315', 'ES'),
('145', '16', '316', 'ES'),
('145', '17', '317', 'ES'),
('145', '2', '318', 'ES'),
('145', '3', '319', 'ES'),
('145', '4', '320', 'ES'),
('145', '5', '321', 'ES'),
('145', '6', '322', 'ES'),
('145', '7', '323', 'ES'),
('145', '8', '324', 'ES'),
('145', '9', '325', 'ES'),
('150', '1', '326', 'ES'),
('150', '10', '327', 'ES'),
('150', '11', '328', 'ES'),
('150', '12', '329', 'ES'),
('150', '13', '330', 'ES'),
('150', '14', '331', 'ES'),
('150', '15', '332', 'ES'),
('150', '16', '333', 'ES'),
('150', '17', '334', 'ES'),
('150', '18', '335', 'ES'),
('150', '19', '336', 'ES'),
('150', '2', '337', 'ES'),
('150', '3', '338', 'ES'),
('150', '4', '339', 'ES'),
('150', '5', '340', 'ES'),
('150', '6', '341', 'ES'),
('150', '7', '342', 'ES'),
('150', '8', '343', 'ES'),
('150', '9', '344', 'ES'),
('151', '1', '345', 'ES'),
('151', '10', '346', 'ES'),
('151', '11', '347', 'ES'),
('151', '12', '348', 'ES'),
('151', '13', '349', 'ES'),
('151', '14', '350', 'ES'),
('151', '15', '351', 'ES'),
('151', '16', '352', 'ES'),
('151', '17', '353', 'ES'),
('151', '18', '354', 'ES'),
('151', '19', '355', 'ES'),
('151', '2', '356', 'ES'),
('151', '20', '357', 'ES'),
('151', '3', '358', 'ES'),
('151', '4', '359', 'ES'),
('151', '5', '360', 'ES'),
('151', '6', '361', 'ES'),
('151', '7', '362', 'ES'),
('151', '8', '363', 'ES'),
('151', '9', '364', 'ES'),
('155', '1', '365', 'ES'),
('155', '10', '366', 'ES'),
('155', '11', '367', 'ES'),
('155', '12', '368', 'ES'),
('155', '13', '369', 'ES'),
('155', '14', '370', 'ES'),
('155', '15', '371', 'ES'),
('155', '16', '372', 'ES'),
('155', '17', '373', 'ES'),
('155', '18', '374', 'ES'),
('155', '19', '375', 'ES'),
('155', '2', '376', 'ES'),
('155', '20', '377', 'ES'),
('155', '21', '378', 'ES'),
('155', '22', '379', 'ES'),
('155', '23', '380', 'ES'),
('155', '24', '381', 'ES'),
('155', '3', '382', 'ES'),
('155', '4', '383', 'ES'),
('155', '5', '384', 'ES'),
('155', '6', '385', 'ES'),
('155', '7', '386', 'ES'),
('155', '8', '387', 'ES'),
('155', '9', '388', 'ES'),
('159', '1', '389', 'ES'),
('159', '10', '390', 'ES'),
('159', '11', '391', 'ES'),
('159', '12', '392', 'ES'),
('159', '13', '393', 'ES'),
('159', '14', '394', 'ES'),
('159', '15', '395', 'ES'),
('159', '16', '396', 'ES'),
('159', '17', '397', 'ES'),
('159', '18', '398', 'ES'),
('159', '19', '399', 'ES'),
('159', '2', '400', 'ES'),
('159', '20', '401', 'ES'),
('159', '21', '402', 'ES'),
('159', '22', '403', 'ES'),
('159', '23', '404', 'ES'),
('159', '24', '405', 'ES'),
('159', '3', '406', 'ES'),
('159', '4', '407', 'ES'),
('159', '5', '408', 'ES'),
('159', '6', '409', 'ES'),
('159', '7', '410', 'ES'),
('159', '8', '411', 'ES'),
('159', '9', '412', 'ES'),
('16', '1', '413', 'ES'),
('16', '10', '414', 'ES'),
('16', '11', '415', 'ES'),
('16', '12', '416', 'ES'),
('16', '13', '417', 'ES'),
('16', '14', '418', 'ES'),
('16', '15', '419', 'ES'),
('16', '16', '420', 'ES'),
('16', '17', '421', 'ES'),
('16', '18', '422', 'ES'),
('16', '2', '423', 'ES'),
('16', '3', '424', 'ES'),
('16', '4', '425', 'ES'),
('16', '5', '426', 'ES'),
('16', '6', '427', 'ES'),
('16', '7', '428', 'ES'),
('16', '8', '429', 'ES'),
('16', '9', '430', 'ES'),
('160', '1', '431', 'ES'),
('160', '10', '432', 'ES'),
('160', '2', '433', 'ES'),
('160', '3', '434', 'ES'),
('160', '4', '435', 'ES'),
('160', '5', '436', 'ES'),
('160', '6', '437', 'ES'),
('160', '7', '438', 'ES'),
('160', '8', '439', 'ES'),
('160', '9', '440', 'ES'),
('168', '1', '441', 'ES'),
('168', '10', '442', 'ES'),
('168', '11', '443', 'ES'),
('168', '12', '444', 'ES'),
('168', '13', '445', 'ES'),
('168', '14', '446', 'ES'),
('168', '15', '447', 'ES'),
('168', '16', '448', 'ES'),
('168', '17', '449', 'ES'),
('168', '18', '450', 'ES'),
('168', '19', '451', 'ES'),
('168', '2', '452', 'ES'),
('168', '20', '453', 'ES'),
('168', '3', '454', 'ES'),
('168', '4', '455', 'ES'),
('168', '5', '456', 'ES'),
('168', '6', '457', 'ES'),
('168', '7', '458', 'ES'),
('168', '8', '459', 'ES'),
('168', '9', '460', 'ES'),
('172', '1', '461', 'ES'),
('172', '10', '462', 'ES'),
('172', '11', '463', 'ES'),
('172', '12', '464', 'ES'),
('172', '13', '465', 'ES'),
('172', '14', '466', 'ES'),
('172', '15', '467', 'ES'),
('172', '16', '468', 'ES'),
('172', '17', '469', 'ES'),
('172', '18', '470', 'ES'),
('172', '19', '471', 'ES'),
('172', '2', '472', 'ES'),
('172', '20', '473', 'ES'),
('172', '3', '474', 'ES'),
('172', '4', '475', 'ES'),
('172', '5', '476', 'ES'),
('172', '6', '477', 'ES'),
('172', '7', '478', 'ES'),
('172', '8', '479', 'ES'),
('172', '9', '480', 'ES'),
('173', '1', '481', 'ES'),
('173', '10', '482', 'ES'),
('173', '11', '483', 'ES'),
('173', '12', '484', 'ES'),
('173', '13', '485', 'ES'),
('173', '14', '486', 'ES'),
('173', '15', '487', 'ES'),
('173', '16', '488', 'ES'),
('173', '17', '489', 'ES'),
('173', '18', '490', 'ES'),
('173', '19', '491', 'ES'),
('173', '2', '492', 'ES'),
('173', '3', '493', 'ES'),
('173', '4', '494', 'ES'),
('173', '5', '495', 'ES'),
('173', '6', '496', 'ES'),
('173', '7', '497', 'ES'),
('173', '8', '498', 'ES'),
('173', '9', '499', 'ES'),
('2', '1', '500', 'ES'),
('2', '10', NULL, 'ES'),
('2', '11', NULL, 'ES'),
('2', '12', NULL, 'ES'),
('2', '13', NULL, 'ES'),
('2', '14', NULL, 'ES'),
('2', '15', NULL, 'ES'),
('2', '16', NULL, 'ES'),
('2', '17', NULL, 'ES'),
('2', '18', NULL, 'ES'),
('2', '19', NULL, 'ES'),
('2', '2', NULL, 'ES'),
('2', '20', NULL, 'ES'),
('2', '3', NULL, 'ES'),
('2', '4', NULL, 'ES'),
('2', '5', NULL, 'ES'),
('2', '6', NULL, 'ES'),
('2', '7', NULL, 'ES'),
('2', '8', NULL, 'ES'),
('2', '9', NULL, 'ES'),
('20', '1', NULL, 'ES'),
('20', '10', NULL, 'ES'),
('20', '11', NULL, 'ES'),
('20', '12', NULL, 'ES'),
('20', '13', NULL, 'ES'),
('20', '14', NULL, 'ES'),
('20', '15', NULL, 'ES'),
('20', '16', NULL, 'ES'),
('20', '17', NULL, 'ES'),
('20', '18', NULL, 'ES'),
('20', '19', NULL, 'ES'),
('20', '2', NULL, 'ES'),
('20', '20', NULL, 'ES'),
('20', '21', NULL, 'ES'),
('20', '22', NULL, 'ES'),
('20', '23', NULL, 'ES'),
('20', '24', NULL, 'ES'),
('20', '25', NULL, 'ES'),
('20', '26', NULL, 'ES'),
('20', '27', NULL, 'ES'),
('20', '28', NULL, 'ES'),
('20', '29', NULL, 'ES'),
('20', '3', NULL, 'ES'),
('20', '30', NULL, 'ES'),
('20', '31', NULL, 'ES'),
('20', '4', NULL, 'ES'),
('20', '5', NULL, 'ES'),
('20', '6', NULL, 'ES'),
('20', '7', NULL, 'ES'),
('20', '8', NULL, 'ES'),
('20', '9', NULL, 'ES'),
('21', '1', NULL, 'ES'),
('21', '10', NULL, 'ES'),
('21', '11', NULL, 'ES'),
('21', '12', NULL, 'ES'),
('21', '13', NULL, 'ES'),
('21', '14', NULL, 'ES'),
('21', '15', NULL, 'ES'),
('21', '2', NULL, 'ES'),
('21', '3', NULL, 'ES'),
('21', '4', NULL, 'ES'),
('21', '5', NULL, 'ES'),
('21', '6', NULL, 'ES'),
('21', '7', NULL, 'ES'),
('21', '8', NULL, 'ES'),
('21', '9', NULL, 'ES'),
('23', '1', NULL, 'ES'),
('23', '10', NULL, 'ES'),
('23', '11', NULL, 'ES'),
('23', '12', NULL, 'ES'),
('23', '13', NULL, 'ES'),
('23', '14', NULL, 'ES'),
('23', '15', NULL, 'ES'),
('23', '16', NULL, 'ES'),
('23', '17', NULL, 'ES'),
('23', '18', NULL, 'ES'),
('23', '19', NULL, 'ES'),
('23', '2', NULL, 'ES'),
('23', '20', NULL, 'ES'),
('23', '3', NULL, 'ES'),
('23', '4', NULL, 'ES'),
('23', '5', NULL, 'ES'),
('23', '6', NULL, 'ES'),
('23', '7', NULL, 'ES'),
('23', '8', NULL, 'ES'),
('23', '9', NULL, 'ES'),
('32', '1', NULL, 'ES'),
('32', '10', NULL, 'ES'),
('32', '11', NULL, 'ES'),
('32', '12', NULL, 'ES'),
('32', '13', NULL, 'ES'),
('32', '14', NULL, 'ES'),
('32', '15', NULL, 'ES'),
('32', '16', NULL, 'ES'),
('32', '2', NULL, 'ES'),
('32', '3', NULL, 'ES'),
('32', '4', NULL, 'ES'),
('32', '5', NULL, 'ES'),
('32', '6', NULL, 'ES'),
('32', '7', NULL, 'ES'),
('32', '8', NULL, 'ES'),
('32', '9', NULL, 'ES'),
('37', '1', NULL, 'ES'),
('37', '10', NULL, 'ES'),
('37', '11', NULL, 'ES'),
('37', '12', NULL, 'ES'),
('37', '13', NULL, 'ES'),
('37', '14', NULL, 'ES'),
('37', '15', NULL, 'ES'),
('37', '16', NULL, 'ES'),
('37', '17', NULL, 'ES'),
('37', '18', NULL, 'ES'),
('37', '19', NULL, 'ES'),
('37', '2', NULL, 'ES'),
('37', '20', NULL, 'ES'),
('37', '21', NULL, 'ES'),
('37', '22', NULL, 'ES'),
('37', '23', NULL, 'ES'),
('37', '24', NULL, 'ES'),
('37', '25', NULL, 'ES'),
('37', '26', NULL, 'ES'),
('37', '27', NULL, 'ES'),
('37', '28', NULL, 'ES'),
('37', '29', NULL, 'ES'),
('37', '3', NULL, 'ES'),
('37', '4', NULL, 'ES'),
('37', '5', NULL, 'ES'),
('37', '6', NULL, 'ES'),
('37', '7', NULL, 'ES'),
('37', '8', NULL, 'ES'),
('37', '9', NULL, 'ES'),
('39', '1', NULL, 'ES'),
('39', '10', NULL, 'ES'),
('39', '11', NULL, 'ES'),
('39', '12', NULL, 'ES'),
('39', '13', NULL, 'ES'),
('39', '14', NULL, 'ES'),
('39', '15', NULL, 'ES'),
('39', '16', NULL, 'ES'),
('39', '17', NULL, 'ES'),
('39', '18', NULL, 'ES'),
('39', '19', NULL, 'ES'),
('39', '2', NULL, 'ES'),
('39', '20', NULL, 'ES'),
('39', '21', NULL, 'ES'),
('39', '22', NULL, 'ES'),
('39', '23', NULL, 'ES'),
('39', '24', NULL, 'ES'),
('39', '25', NULL, 'ES'),
('39', '26', NULL, 'ES'),
('39', '27', NULL, 'ES'),
('39', '28', NULL, 'ES'),
('39', '29', NULL, 'ES'),
('39', '3', NULL, 'ES'),
('39', '30', NULL, 'ES'),
('39', '31', NULL, 'ES'),
('39', '32', NULL, 'ES'),
('39', '33', NULL, 'ES'),
('39', '34', NULL, 'ES'),
('39', '35', NULL, 'ES'),
('39', '36', NULL, 'ES'),
('39', '37', NULL, 'ES'),
('39', '38', NULL, 'ES'),
('39', '39', NULL, 'ES'),
('39', '4', NULL, 'ES'),
('39', '5', NULL, 'ES'),
('39', '6', NULL, 'ES'),
('39', '7', NULL, 'ES'),
('39', '8', NULL, 'ES'),
('39', '9', NULL, 'ES'),
('40', '1', NULL, 'ES'),
('40', '10', NULL, 'ES'),
('40', '11', NULL, 'ES'),
('40', '12', NULL, 'ES'),
('40', '13', NULL, 'ES'),
('40', '14', NULL, 'ES'),
('40', '15', NULL, 'ES'),
('40', '16', NULL, 'ES'),
('40', '17', NULL, 'ES'),
('40', '18', NULL, 'ES'),
('40', '19', NULL, 'ES'),
('40', '2', NULL, 'ES'),
('40', '3', NULL, 'ES'),
('40', '4', NULL, 'ES'),
('40', '5', NULL, 'ES'),
('40', '6', NULL, 'ES'),
('40', '7', NULL, 'ES'),
('40', '8', NULL, 'ES'),
('40', '9', NULL, 'ES'),
('42', '1', NULL, 'ES'),
('42', '10', NULL, 'ES'),
('42', '11', NULL, 'ES'),
('42', '12', NULL, 'ES'),
('42', '13', NULL, 'ES'),
('42', '14', NULL, 'ES'),
('42', '15', NULL, 'ES'),
('42', '16', NULL, 'ES'),
('42', '17', NULL, 'ES'),
('42', '18', NULL, 'ES'),
('42', '2', NULL, 'ES'),
('42', '3', NULL, 'ES'),
('42', '4', NULL, 'ES'),
('42', '5', NULL, 'ES'),
('42', '6', NULL, 'ES'),
('42', '7', NULL, 'ES'),
('42', '8', NULL, 'ES'),
('42', '9', NULL, 'ES'),
('55', '1', NULL, 'ES'),
('55', '10', NULL, 'ES'),
('55', '11', NULL, 'ES'),
('55', '12', NULL, 'ES'),
('55', '13', NULL, 'ES'),
('55', '14', NULL, 'ES'),
('55', '15', NULL, 'ES'),
('55', '16', NULL, 'ES'),
('55', '2', NULL, 'ES'),
('55', '3', NULL, 'ES'),
('55', '4', NULL, 'ES'),
('55', '5', NULL, 'ES'),
('55', '6', NULL, 'ES'),
('55', '7', NULL, 'ES'),
('55', '8', NULL, 'ES'),
('55', '9', NULL, 'ES'),
('57', '1', NULL, 'ES'),
('57', '10', NULL, 'ES'),
('57', '11', NULL, 'ES'),
('57', '12', NULL, 'ES'),
('57', '13', NULL, 'ES'),
('57', '14', NULL, 'ES'),
('57', '15', NULL, 'ES'),
('57', '16', NULL, 'ES'),
('57', '2', NULL, 'ES'),
('57', '3', NULL, 'ES'),
('57', '4', NULL, 'ES'),
('57', '5', NULL, 'ES'),
('57', '6', NULL, 'ES'),
('57', '7', NULL, 'ES'),
('57', '8', NULL, 'ES'),
('57', '9', NULL, 'ES'),
('60', '1', NULL, 'ES'),
('60', '10', NULL, 'ES'),
('60', '11', NULL, 'ES'),
('60', '12', NULL, 'ES'),
('60', '13', NULL, 'ES'),
('60', '14', NULL, 'ES'),
('60', '15', NULL, 'ES'),
('60', '16', NULL, 'ES'),
('60', '17', NULL, 'ES'),
('60', '18', NULL, 'ES'),
('60', '19', NULL, 'ES'),
('60', '2', NULL, 'ES'),
('60', '20', NULL, 'ES'),
('60', '3', NULL, 'ES'),
('60', '4', NULL, 'ES'),
('60', '5', NULL, 'ES'),
('60', '6', NULL, 'ES'),
('60', '7', NULL, 'ES'),
('60', '8', NULL, 'ES'),
('60', '9', NULL, 'ES'),
('63', '1', NULL, 'ES'),
('63', '10', NULL, 'ES'),
('63', '11', NULL, 'ES'),
('63', '12', NULL, 'ES'),
('63', '13', NULL, 'ES'),
('63', '14', NULL, 'ES'),
('63', '15', NULL, 'ES'),
('63', '16', NULL, 'ES'),
('63', '17', NULL, 'ES'),
('63', '2', NULL, 'ES'),
('63', '3', NULL, 'ES'),
('63', '4', NULL, 'ES'),
('63', '5', NULL, 'ES'),
('63', '6', NULL, 'ES'),
('63', '7', NULL, 'ES'),
('63', '8', NULL, 'ES'),
('63', '9', NULL, 'ES'),
('64', '1', NULL, 'ES'),
('64', '10', NULL, 'ES'),
('64', '11', NULL, 'ES'),
('64', '12', NULL, 'ES'),
('64', '13', NULL, 'ES'),
('64', '14', NULL, 'ES'),
('64', '15', NULL, 'ES'),
('64', '16', NULL, 'ES'),
('64', '17', NULL, 'ES'),
('64', '18', NULL, 'ES'),
('64', '2', NULL, 'ES'),
('64', '3', NULL, 'ES'),
('64', '4', NULL, 'ES'),
('64', '5', NULL, 'ES'),
('64', '6', NULL, 'ES'),
('64', '7', NULL, 'ES'),
('64', '8', NULL, 'ES'),
('64', '9', NULL, 'ES'),
('66', '1', NULL, 'ES'),
('66', '10', NULL, 'ES'),
('66', '11', NULL, 'ES'),
('66', '12', NULL, 'ES'),
('66', '13', NULL, 'ES'),
('66', '14', NULL, 'ES'),
('66', '15', NULL, 'ES'),
('66', '16', NULL, 'ES'),
('66', '17', NULL, 'ES'),
('66', '18', NULL, 'ES'),
('66', '19', NULL, 'ES'),
('66', '2', NULL, 'ES'),
('66', '20', NULL, 'ES'),
('66', '3', NULL, 'ES'),
('66', '4', NULL, 'ES'),
('66', '5', NULL, 'ES'),
('66', '6', NULL, 'ES'),
('66', '7', NULL, 'ES'),
('66', '8', NULL, 'ES'),
('66', '9', NULL, 'ES'),
('67', '1', NULL, 'ES'),
('67', '10', NULL, 'ES'),
('67', '11', NULL, 'ES'),
('67', '12', NULL, 'ES'),
('67', '13', NULL, 'ES'),
('67', '14', NULL, 'ES'),
('67', '15', NULL, 'ES'),
('67', '16', NULL, 'ES'),
('67', '2', NULL, 'ES'),
('67', '3', NULL, 'ES'),
('67', '4', NULL, 'ES'),
('67', '5', NULL, 'ES'),
('67', '6', NULL, 'ES'),
('67', '7', NULL, 'ES'),
('67', '8', NULL, 'ES'),
('67', '9', NULL, 'ES'),
('69', '1', NULL, 'ES'),
('69', '10', NULL, 'ES'),
('69', '11', NULL, 'ES'),
('69', '12', NULL, 'ES'),
('69', '2', NULL, 'ES'),
('69', '3', NULL, 'ES'),
('69', '4', NULL, 'ES'),
('69', '5', NULL, 'ES'),
('69', '6', NULL, 'ES'),
('69', '7', NULL, 'ES'),
('69', '8', NULL, 'ES'),
('69', '9', NULL, 'ES'),
('7', '1', NULL, 'ES'),
('7', '10', NULL, 'ES'),
('7', '11', NULL, 'ES'),
('7', '12', NULL, 'ES'),
('7', '13', NULL, 'ES'),
('7', '14', NULL, 'ES'),
('7', '15', NULL, 'ES'),
('7', '16', NULL, 'ES'),
('7', '2', NULL, 'ES'),
('7', '3', NULL, 'ES'),
('7', '4', NULL, 'ES'),
('7', '5', NULL, 'ES'),
('7', '6', NULL, 'ES'),
('7', '7', NULL, 'ES'),
('7', '8', NULL, 'ES'),
('7', '9', NULL, 'ES'),
('78', '1', NULL, 'ES'),
('78', '10', NULL, 'ES'),
('78', '11', NULL, 'ES'),
('78', '12', NULL, 'ES'),
('78', '13', NULL, 'ES'),
('78', '14', NULL, 'ES'),
('78', '15', NULL, 'ES'),
('78', '16', NULL, 'ES'),
('78', '2', NULL, 'ES'),
('78', '3', NULL, 'ES'),
('78', '4', NULL, 'ES'),
('78', '5', NULL, 'ES'),
('78', '6', NULL, 'ES'),
('78', '7', NULL, 'ES'),
('78', '8', NULL, 'ES'),
('78', '9', NULL, 'ES'),
('80', '1', NULL, 'ES'),
('80', '10', NULL, 'ES'),
('80', '11', NULL, 'ES'),
('80', '12', NULL, 'ES'),
('80', '13', NULL, 'ES'),
('80', '14', NULL, 'ES'),
('80', '15', NULL, 'ES'),
('80', '16', NULL, 'ES'),
('80', '17', NULL, 'ES'),
('80', '2', NULL, 'ES'),
('80', '3', NULL, 'ES'),
('80', '4', NULL, 'ES'),
('80', '5', NULL, 'ES'),
('80', '6', NULL, 'ES'),
('80', '7', NULL, 'ES'),
('80', '8', NULL, 'ES'),
('80', '9', NULL, 'ES'),
('90', '1', NULL, 'ES'),
('90', '10', NULL, 'ES'),
('90', '11', NULL, 'ES'),
('90', '12', NULL, 'ES'),
('90', '13', NULL, 'ES'),
('90', '14', NULL, 'ES'),
('90', '15', NULL, 'ES'),
('90', '16', NULL, 'ES'),
('90', '17', NULL, 'ES'),
('90', '18', NULL, 'ES'),
('90', '2', NULL, 'ES'),
('90', '3', NULL, 'ES'),
('90', '4', NULL, 'ES'),
('90', '5', NULL, 'ES'),
('90', '6', NULL, 'ES'),
('90', '7', NULL, 'ES'),
('90', '8', NULL, 'ES'),
('90', '9', NULL, 'ES'),
('97', '1', NULL, 'ES'),
('97', '10', NULL, 'ES'),
('97', '11', NULL, 'ES'),
('97', '12', NULL, 'ES'),
('97', '13', NULL, 'ES'),
('97', '14', NULL, 'ES'),
('97', '15', NULL, 'ES'),
('97', '16', NULL, 'ES'),
('97', '17', NULL, 'ES'),
('97', '18', NULL, 'ES'),
('97', '19', NULL, 'ES'),
('97', '2', NULL, 'ES'),
('97', '20', NULL, 'ES'),
('97', '3', NULL, 'ES'),
('97', '4', NULL, 'ES'),
('97', '5', NULL, 'ES'),
('97', '6', NULL, 'ES'),
('97', '7', NULL, 'ES'),
('97', '8', NULL, 'ES'),
('97', '9', NULL, 'ES'),
('98', '1', NULL, 'ES'),
('98', '10', NULL, 'ES'),
('98', '11', NULL, 'ES'),
('98', '12', NULL, 'ES'),
('98', '13', NULL, 'ES'),
('98', '14', NULL, 'ES'),
('98', '15', NULL, 'ES'),
('98', '16', NULL, 'ES'),
('98', '2', NULL, 'ES'),
('98', '3', NULL, 'ES'),
('98', '4', NULL, 'ES'),
('98', '5', NULL, 'ES'),
('98', '6', NULL, 'ES'),
('98', '7', NULL, 'ES'),
('98', '8', NULL, 'ES'),
('98', '9', NULL, 'ES');

-- --------------------------------------------------------

--
-- Structure de la table `responsable`
--

CREATE TABLE `responsable` (
  `CODEACCES` varchar(8) NOT NULL,
  `CODESECRET` int(4) NOT NULL,
  `CODEA` varchar(10) NOT NULL,
  `NOM` char(32) NOT NULL,
  `PRENOM` char(32) NOT NULL,
  `DATEEMBAUCHE` date NOT NULL
) ENGINE=InnoDB DEFAULT CHARSET=latin1;

--
-- Contenu de la table `responsable`
--

INSERT INTO `responsable` (`CODEACCES`, `CODESECRET`, `CODEA`, `NOM`, `PRENOM`, `DATEEMBAUCHE`) VALUES
('resp', 1234, 'AAA', 'responsable', 'responsable', '2017-11-01');

-- --------------------------------------------------------

--
-- Structure de la table `station`
--

CREATE TABLE `station` (
  `NUMS` varchar(5) NOT NULL,
  `ETATS` varchar(15) DEFAULT NULL,
  `NOMS` varchar(50) DEFAULT NULL,
  `SITUATIONS` varchar(15) DEFAULT NULL,
  `CAPACITES` int(2) DEFAULT NULL,
  `NUMBORNE` varchar(10) DEFAULT NULL
) ENGINE=InnoDB DEFAULT CHARSET=utf8mb4;

--
-- Contenu de la table `station`
--

INSERT INTO `station` (`NUMS`, `ETATS`, `NOMS`, `SITUATIONS`, `CAPACITES`, `NUMBORNE`) VALUES
('1', NULL, 'Meriadeck', NULL, 33, NULL),
('104', NULL, 'Grosse Cloche', NULL, 17, NULL),
('107', NULL, 'St Nicolas', NULL, 17, NULL),
('108', NULL, 'Bergonie', NULL, 15, NULL),
('110', NULL, 'Forum', NULL, 41, NULL),
('112', NULL, 'Arts et Metiers', NULL, 39, NULL),
('114', NULL, 'Compostelle', NULL, 27, NULL),
('117', NULL, 'Doyen Brus', NULL, 19, NULL),
('12', NULL, 'Grand Lebrun', NULL, 15, NULL),
('125', NULL, 'Conservatoire', NULL, 18, NULL),
('131', NULL, 'Nansouty', NULL, 16, NULL),
('138', NULL, 'Barbey', NULL, 18, NULL),
('14', NULL, 'Dubreil/Turenne', NULL, 14, NULL),
('142', NULL, 'Bourranville', NULL, 19, NULL),
('145', NULL, 'Berges du Lac', NULL, 17, NULL),
('150', NULL, 'Feydeau', NULL, 19, NULL),
('151', NULL, 'Dravemont', NULL, 20, NULL),
('155', NULL, 'Village 6 IUT', NULL, 24, NULL),
('159', NULL, 'Camping international', NULL, 24, NULL),
('16', NULL, 'Galin', NULL, 18, NULL),
('160', NULL, 'Eglise St Aubin', NULL, 10, NULL),
('168', NULL, 'Mairie de Blanquefort', NULL, 20, NULL),
('172', NULL, 'La Cité du Vin', NULL, 20, NULL),
('173', NULL, 'Rue Achard', NULL, 19, NULL),
('2', NULL, 'St Bruno', NULL, 20, NULL),
('20', NULL, 'Grands Hommes', NULL, 31, NULL),
('21', NULL, 'Puy Paulin', NULL, 15, NULL),
('23', NULL, 'Republique', NULL, 20, NULL),
('32', NULL, 'Parc Bordelais', NULL, 16, NULL),
('37', NULL, 'Jardin Public', NULL, 29, NULL),
('39', NULL, 'Quinconces', NULL, 39, NULL),
('40', NULL, 'Grand Theatre', NULL, 19, NULL),
('42', NULL, 'Camille Julian', NULL, 18, NULL),
('55', NULL, 'Camille Godard', NULL, 16, NULL),
('57', NULL, 'Eglise St Louis', NULL, 16, NULL),
('60', NULL, 'Allees de Chartres', NULL, 20, NULL),
('63', NULL, 'François Mitterand', NULL, 17, NULL),
('64', NULL, 'La Benauge', NULL, 18, NULL),
('66', NULL, 'Gare d\'Orleans', NULL, 20, NULL),
('67', NULL, 'Allee de Serr - Abadie', NULL, 16, NULL),
('69', NULL, 'Cours Le Rouzic', NULL, 12, NULL),
('7', NULL, 'Palais de Justice', NULL, 16, NULL),
('78', NULL, 'Bougnard', NULL, 16, NULL),
('80', NULL, 'Gare Alouette', NULL, 17, NULL),
('90', NULL, 'Fontaine D\'Arlac', NULL, 18, NULL),
('97', NULL, 'Claveau', NULL, 20, NULL),
('98', NULL, 'Bassin a flot', NULL, 16, NULL);

-- --------------------------------------------------------

--
-- Structure de la table `velo`
--

CREATE TABLE `velo` (
  `NUMV` varchar(10) NOT NULL,
  `NUMS` varchar(5) DEFAULT NULL,
  `NUM` varchar(10) DEFAULT NULL,
  `ETATV` varchar(15) DEFAULT NULL,
  `DMEC` date DEFAULT NULL
) ENGINE=InnoDB DEFAULT CHARSET=utf8mb4;

--
-- Contenu de la table `velo`
--

INSERT INTO `velo` (`NUMV`, `NUMS`, `NUM`, `ETATV`, `DMEC`) VALUES
('1', '1', '1', 'ES', '2015-10-10'),
('10', '1', '18', 'ES', '2015-10-10'),
('100', '110', '25', 'ES', '2015-10-10'),
('101', '110', '26', 'ES', '2015-10-10'),
('102', '110', '27', 'ES', '2015-10-10'),
('103', '110', '28', 'ES', '2015-10-10'),
('104', '110', '29', 'ES', '2015-10-10'),
('105', '110', '3', 'ES', '2015-10-10'),
('106', '110', '30', 'ES', '2015-10-10'),
('107', '110', '31', 'ES', '2015-10-10'),
('108', '110', '32', 'ES', '2015-10-10'),
('109', '110', '33', 'ES', '2015-10-10'),
('11', '1', '19', 'ES', '2015-10-10'),
('110', '110', '34', 'ES', '2015-10-10'),
('111', '110', '35', 'ES', '2015-10-10'),
('112', '110', '36', 'ES', '2015-10-10'),
('113', '110', '37', 'ES', '2015-10-10'),
('114', '110', '38', 'ES', '2015-10-10'),
('115', '110', '39', 'ES', '2015-10-10'),
('116', '110', '4', 'ES', '2015-10-10'),
('117', '110', '40', 'ES', '2015-10-10'),
('118', '110', '41', 'ES', '2015-10-10'),
('119', '110', '5', 'ES', '2015-10-10'),
('12', '1', '2', 'ES', '2015-10-10'),
('120', '110', '6', 'ES', '2015-10-10'),
('121', '110', '7', 'ES', '2015-10-10'),
('122', '110', '8', 'ES', '2015-10-10'),
('123', '110', '9', 'ES', '2015-10-10'),
('124', '112', '1', 'ES', '2015-10-10'),
('125', '112', '10', 'ES', '2015-10-10'),
('126', '112', '11', 'ES', '2015-10-10'),
('127', '112', '12', 'ES', '2015-10-10'),
('128', '112', '13', 'ES', '2015-10-10'),
('129', '112', '14', 'ES', '2015-10-10'),
('13', '1', '20', 'ES', '2015-10-10'),
('130', '112', '15', 'ES', '2015-10-10'),
('131', '112', '16', 'ES', '2015-10-10'),
('132', '112', '17', 'ES', '2015-10-10'),
('133', '112', '18', 'ES', '2015-10-10'),
('134', '112', '19', 'ES', '2015-10-10'),
('135', '112', '2', 'ES', '2015-10-10'),
('136', '112', '20', 'ES', '2015-10-10'),
('137', '112', '21', 'ES', '2015-10-10'),
('138', '112', '22', 'ES', '2015-10-10'),
('139', '112', '23', 'ES', '2015-10-10'),
('14', '1', '21', 'ES', '2015-10-10'),
('140', '112', '24', 'ES', '2015-10-10'),
('141', '112', '25', 'ES', '2015-10-10'),
('142', '112', '26', 'ES', '2015-10-10'),
('143', '112', '27', 'ES', '2015-10-10'),
('144', '112', '28', 'ES', '2015-10-10'),
('145', '112', '29', 'ES', '2015-10-10'),
('146', '112', '3', 'ES', '2015-10-10'),
('147', '112', '30', 'ES', '2015-10-10'),
('148', '112', '31', 'ES', '2015-10-10'),
('149', '112', '32', 'ES', '2015-10-10'),
('15', '1', '22', 'ES', '2015-10-10'),
('150', '112', '33', 'ES', '2015-10-10'),
('151', '112', '34', 'ES', '2015-10-10'),
('152', '112', '35', 'ES', '2015-10-10'),
('153', '112', '36', 'ES', '2015-10-10'),
('154', '112', '37', 'ES', '2015-10-10'),
('155', '112', '38', 'ES', '2015-10-10'),
('156', '112', '39', 'ES', '2015-10-10'),
('157', '112', '4', 'ES', '2015-10-10'),
('158', '112', '5', 'ES', '2015-10-10'),
('159', '112', '6', 'ES', '2015-10-10'),
('16', '1', '23', 'ES', '2015-10-10'),
('160', '112', '7', 'ES', '2015-10-10'),
('161', '112', '8', 'ES', '2015-10-10'),
('162', '112', '9', 'ES', '2015-10-10'),
('163', '114', '1', 'ES', '2015-10-10'),
('164', '114', '10', 'ES', '2015-10-10'),
('165', '114', '11', 'ES', '2015-10-10'),
('166', '114', '12', 'ES', '2015-10-10'),
('167', '114', '13', 'ES', '2015-10-10'),
('168', '114', '14', 'ES', '2015-10-10'),
('169', '114', '15', 'ES', '2015-10-10'),
('17', '1', '24', 'ES', '2015-10-10'),
('170', '114', '16', 'ES', '2015-10-10'),
('171', '114', '17', 'ES', '2015-10-10'),
('172', '114', '18', 'ES', '2015-10-10'),
('173', '114', '19', 'ES', '2015-10-10'),
('174', '114', '2', 'ES', '2015-10-10'),
('175', '114', '20', 'ES', '2015-10-10'),
('176', '114', '21', 'ES', '2015-10-10'),
('177', '114', '22', 'ES', '2015-10-10'),
('178', '114', '23', 'ES', '2015-10-10'),
('179', '114', '24', 'ES', '2015-10-10'),
('18', '1', '25', 'ES', '2015-10-10'),
('180', '114', '25', 'ES', '2015-10-10'),
('181', '114', '26', 'ES', '2015-10-10'),
('182', '114', '27', 'ES', '2015-10-10'),
('183', '114', '3', 'ES', '2015-10-10'),
('184', '114', '4', 'ES', '2015-10-10'),
('185', '114', '5', 'ES', '2015-10-10'),
('186', '114', '6', 'ES', '2015-10-10'),
('187', '114', '7', 'ES', '2015-10-10'),
('188', '114', '8', 'ES', '2015-10-10'),
('189', '114', '9', 'ES', '2015-10-10'),
('19', '1', '26', 'ES', '2015-10-10'),
('190', '117', '1', 'ES', '2015-10-10'),
('191', '117', '10', 'ES', '2015-10-10'),
('192', '117', '11', 'ES', '2015-10-10'),
('193', '117', '12', 'ES', '2015-10-10'),
('194', '117', '13', 'ES', '2015-10-10'),
('195', '117', '14', 'ES', '2015-10-10'),
('196', '117', '15', 'ES', '2015-10-10'),
('197', '117', '16', 'ES', '2015-10-10'),
('198', '117', '17', 'ES', '2015-10-10'),
('199', '117', '18', 'ES', '2015-10-10'),
('2', '1', '10', 'ES', '2015-10-10'),
('20', '1', '27', 'ES', '2015-10-10'),
('200', '117', '19', 'ES', '2015-10-10'),
('201', '117', '2', 'ES', '2015-10-10'),
('202', '117', '3', 'ES', '2015-10-10'),
('203', '117', '4', 'ES', '2015-10-10'),
('204', '117', '5', 'ES', '2015-10-10'),
('205', '117', '6', 'ES', '2015-10-10'),
('206', '117', '7', 'ES', '2015-10-10'),
('207', '117', '8', 'ES', '2015-10-10'),
('208', '117', '9', 'ES', '2015-10-10'),
('209', '12', '1', 'ES', '2015-10-10'),
('21', '1', '28', 'ES', '2015-10-10'),
('210', '12', '10', 'ES', '2015-10-10'),
('211', '12', '11', 'ES', '2015-10-10'),
('212', '12', '12', 'ES', '2015-10-10'),
('213', '12', '13', 'ES', '2015-10-10'),
('214', '12', '14', 'ES', '2015-10-10'),
('215', '12', '15', 'ES', '2015-10-10'),
('216', '12', '2', 'ES', '2015-10-10'),
('217', '12', '3', 'ES', '2015-10-10'),
('218', '12', '4', 'ES', '2015-10-10'),
('219', '12', '5', 'ES', '2015-10-10'),
('22', '1', '29', 'ES', '2015-10-10'),
('220', '12', '6', 'ES', '2015-10-10'),
('221', '12', '7', 'ES', '2015-10-10'),
('222', '12', '8', 'ES', '2015-10-10'),
('223', '12', '9', 'ES', '2015-10-10'),
('224', '125', '1', 'ES', '2015-10-10'),
('225', '125', '10', 'ES', '2015-10-10'),
('226', '125', '11', 'ES', '2015-10-10'),
('227', '125', '12', 'ES', '2015-10-10'),
('228', '125', '13', 'ES', '2015-10-10'),
('229', '125', '14', 'ES', '2015-10-10'),
('23', '1', '3', 'ES', '2015-10-10'),
('230', '125', '15', 'ES', '2015-10-10'),
('231', '125', '16', 'ES', '2015-10-10'),
('232', '125', '17', 'ES', '2015-10-10'),
('233', '125', '18', 'ES', '2015-10-10'),
('234', '125', '2', 'ES', '2015-10-10'),
('235', '125', '3', 'ES', '2015-10-10'),
('236', '125', '4', 'ES', '2015-10-10'),
('237', '125', '5', 'ES', '2015-10-10'),
('238', '125', '6', 'ES', '2015-10-10'),
('239', '125', '7', 'ES', '2015-10-10'),
('24', '1', '30', 'ES', '2015-10-10'),
('240', '125', '8', 'ES', '2015-10-10'),
('241', '125', '9', 'ES', '2015-10-10'),
('242', '131', '1', 'ES', '2015-10-10'),
('243', '131', '10', 'ES', '2015-10-10'),
('244', '131', '11', 'ES', '2015-10-10'),
('245', '131', '12', 'ES', '2015-10-10'),
('246', '131', '13', 'ES', '2015-10-10'),
('247', '131', '14', 'ES', '2015-10-10'),
('248', '131', '15', 'ES', '2015-10-10'),
('249', '131', '16', 'ES', '2015-10-10'),
('25', '1', '31', 'ES', '2015-10-10'),
('250', '131', '2', 'ES', '2015-10-10'),
('251', '131', '3', 'ES', '2015-10-10'),
('252', '131', '4', 'ES', '2015-10-10'),
('253', '131', '5', 'ES', '2015-10-10'),
('254', '131', '6', 'ES', '2015-10-10'),
('255', '131', '7', 'ES', '2015-10-10'),
('256', '131', '8', 'ES', '2015-10-10'),
('257', '131', '9', 'ES', '2015-10-10'),
('258', '138', '1', 'ES', '2015-10-10'),
('259', '138', '10', 'ES', '2015-10-10'),
('26', '1', '32', 'ES', '2015-10-10'),
('260', '138', '11', 'ES', '2015-10-10'),
('261', '138', '12', 'ES', '2015-10-10'),
('262', '138', '13', 'ES', '2015-10-10'),
('263', '138', '14', 'ES', '2015-10-10'),
('264', '138', '15', 'ES', '2015-10-10'),
('265', '138', '16', 'ES', '2015-10-10'),
('266', '138', '17', 'ES', '2015-10-10'),
('267', '138', '18', 'ES', '2015-10-10'),
('268', '138', '2', 'ES', '2015-10-10'),
('269', '138', '3', 'ES', '2015-10-10'),
('27', '1', '33', 'ES', '2015-10-10'),
('270', '138', '4', 'ES', '2015-10-10'),
('271', '138', '5', 'ES', '2015-10-10'),
('272', '138', '6', 'ES', '2015-10-10'),
('273', '138', '7', 'ES', '2015-10-10'),
('274', '138', '8', 'ES', '2015-10-10'),
('275', '138', '9', 'ES', '2015-10-10'),
('276', '14', '1', 'ES', '2015-10-10'),
('277', '14', '10', 'ES', '2015-10-10'),
('278', '14', '11', 'ES', '2015-10-10'),
('279', '14', '12', 'ES', '2015-10-10'),
('28', '1', '4', 'ES', '2015-10-10'),
('280', '14', '13', 'ES', '2015-10-10'),
('281', '14', '14', 'ES', '2015-10-10'),
('282', '14', '2', 'ES', '2015-10-10'),
('283', '14', '3', 'ES', '2015-10-10'),
('284', '14', '4', 'ES', '2015-10-10'),
('285', '14', '5', 'ES', '2015-10-10'),
('286', '14', '6', 'ES', '2015-10-10'),
('287', '14', '7', 'ES', '2015-10-10'),
('288', '14', '8', 'ES', '2015-10-10'),
('289', '14', '9', 'ES', '2015-10-10'),
('29', '1', '5', 'ES', '2015-10-10'),
('290', '142', '1', 'ES', '2015-10-10'),
('291', '142', '10', 'ES', '2015-10-10'),
('292', '142', '11', 'ES', '2015-10-10'),
('293', '142', '12', 'ES', '2015-10-10'),
('294', '142', '13', 'ES', '2015-10-10'),
('295', '142', '14', 'ES', '2015-10-10'),
('296', '142', '15', 'ES', '2015-10-10'),
('297', '142', '16', 'ES', '2015-10-10'),
('298', '142', '17', 'ES', '2015-10-10'),
('299', '142', '18', 'ES', '2015-10-10'),
('3', '1', '11', 'ES', '2015-10-10'),
('30', '1', '6', 'ES', '2015-10-10'),
('300', '142', '19', 'ES', '2015-10-10'),
('301', '142', '2', 'ES', '2015-10-10'),
('302', '142', '3', 'ES', '2015-10-10'),
('303', '142', '4', 'ES', '2015-10-10'),
('304', '142', '5', 'ES', '2015-10-10'),
('305', '142', '6', 'ES', '2015-10-10'),
('306', '142', '7', 'ES', '2015-10-10'),
('307', '142', '8', 'ES', '2015-10-10'),
('308', '142', '9', 'ES', '2015-10-10'),
('309', '145', '1', 'ES', '2015-10-10'),
('31', '1', '7', 'ES', '2015-10-10'),
('310', '145', '10', 'ES', '2015-10-10'),
('311', '145', '11', 'ES', '2015-10-10'),
('312', '145', '12', 'ES', '2015-10-10'),
('313', '145', '13', 'ES', '2015-10-10'),
('314', '145', '14', 'ES', '2015-10-10'),
('315', '145', '15', 'ES', '2015-10-10'),
('316', '145', '16', 'ES', '2015-10-10'),
('317', '145', '17', 'ES', '2015-10-10'),
('318', '145', '2', 'ES', '2015-10-10'),
('319', '145', '3', 'ES', '2015-10-10'),
('32', '1', '8', 'ES', '2015-10-10'),
('320', '145', '4', 'ES', '2015-10-10'),
('321', '145', '5', 'ES', '2015-10-10'),
('322', '145', '6', 'ES', '2015-10-10'),
('323', '145', '7', 'ES', '2015-10-10'),
('324', '145', '8', 'ES', '2015-10-10'),
('325', '145', '9', 'ES', '2015-10-10'),
('326', '150', '1', 'ES', '2015-10-10'),
('327', '150', '10', 'ES', '2015-10-10'),
('328', '150', '11', 'ES', '2015-10-10'),
('329', '150', '12', 'ES', '2015-10-10'),
('33', '1', '9', 'ES', '2015-10-10'),
('330', '150', '13', 'ES', '2015-10-10'),
('331', '150', '14', 'ES', '2015-10-10'),
('332', '150', '15', 'ES', '2015-10-10'),
('333', '150', '16', 'ES', '2015-10-10'),
('334', '150', '17', 'ES', '2015-10-10'),
('335', '150', '18', 'ES', '2015-10-10'),
('336', '150', '19', 'ES', '2015-10-10'),
('337', '150', '2', 'ES', '2015-10-10'),
('338', '150', '3', 'ES', '2015-10-10'),
('339', '150', '4', 'ES', '2015-10-10'),
('34', '104', '1', 'ES', '2015-10-10'),
('340', '150', '5', 'ES', '2015-10-10'),
('341', '150', '6', 'ES', '2015-10-10'),
('342', '150', '7', 'ES', '2015-10-10'),
('343', '150', '8', 'ES', '2015-10-10'),
('344', '150', '9', 'ES', '2015-10-10'),
('345', '151', '1', 'ES', '2015-10-10'),
('346', '151', '10', 'ES', '2015-10-10'),
('347', '151', '11', 'ES', '2015-10-10'),
('348', '151', '12', 'ES', '2015-10-10'),
('349', '151', '13', 'ES', '2015-10-10'),
('35', '104', '10', 'ES', '2015-10-10'),
('350', '151', '14', 'ES', '2015-10-10'),
('351', '151', '15', 'ES', '2015-10-10'),
('352', '151', '16', 'ES', '2015-10-10'),
('353', '151', '17', 'ES', '2015-10-10'),
('354', '151', '18', 'ES', '2015-10-10'),
('355', '151', '19', 'ES', '2015-10-10'),
('356', '151', '2', 'ES', '2015-10-10'),
('357', '151', '20', 'ES', '2015-10-10'),
('358', '151', '3', 'ES', '2015-10-10'),
('359', '151', '4', 'ES', '2015-10-10'),
('36', '104', '11', 'ES', '2015-10-10'),
('360', '151', '5', 'ES', '2015-10-10'),
('361', '151', '6', 'ES', '2015-10-10'),
('362', '151', '7', 'ES', '2015-10-10'),
('363', '151', '8', 'ES', '2015-10-10'),
('364', '151', '9', 'ES', '2015-10-10'),
('365', '155', '1', 'ES', '2015-10-10'),
('366', '155', '10', 'ES', '2015-10-10'),
('367', '155', '11', 'ES', '2015-10-10'),
('368', '155', '12', 'ES', '2015-10-10'),
('369', '155', '13', 'ES', '2015-10-10'),
('37', '104', '12', 'ES', '2015-10-10'),
('370', '155', '14', 'ES', '2015-10-10'),
('371', '155', '15', 'ES', '2015-10-10'),
('372', '155', '16', 'ES', '2015-10-10'),
('373', '155', '17', 'ES', '2015-10-10'),
('374', '155', '18', 'ES', '2015-10-10'),
('375', '155', '19', 'ES', '2015-10-10'),
('376', '155', '2', 'ES', '2015-10-10'),
('377', '155', '20', 'ES', '2015-10-10'),
('378', '155', '21', 'ES', '2015-10-10'),
('379', '155', '22', 'ES', '2015-10-10'),
('38', '104', '13', 'ES', '2015-10-10'),
('380', '155', '23', 'ES', '2015-10-10'),
('381', '155', '24', 'ES', '2015-10-10'),
('382', '155', '3', 'ES', '2015-10-10'),
('383', '155', '4', 'ES', '2015-10-10'),
('384', '155', '5', 'ES', '2015-10-10'),
('385', '155', '6', 'ES', '2015-10-10'),
('386', '155', '7', 'ES', '2015-10-10'),
('387', '155', '8', 'ES', '2015-10-10'),
('388', '155', '9', 'ES', '2015-10-10'),
('389', '159', '1', 'ES', '2015-10-10'),
('39', '104', '14', 'ES', '2015-10-10'),
('390', '159', '10', 'ES', '2015-10-10'),
('391', '159', '11', 'ES', '2015-10-10'),
('392', '159', '12', 'ES', '2015-10-10'),
('393', '159', '13', 'ES', '2015-10-10'),
('394', '159', '14', 'ES', '2015-10-10'),
('395', '159', '15', 'ES', '2015-10-10'),
('396', '159', '16', 'ES', '2015-10-10'),
('397', '159', '17', 'ES', '2015-10-10'),
('398', '159', '18', 'ES', '2015-10-10'),
('399', '159', '19', 'ES', '2015-10-10'),
('4', '1', '12', 'ES', '2015-10-10'),
('40', '104', '15', 'ES', '2015-10-10'),
('400', '159', '2', 'ES', '2015-10-10'),
('401', '159', '20', 'ES', '2015-10-10'),
('402', '159', '21', 'ES', '2015-10-10'),
('403', '159', '22', 'ES', '2015-10-10'),
('404', '159', '23', 'ES', '2015-10-10'),
('405', '159', '24', 'ES', '2015-10-10'),
('406', '159', '3', 'ES', '2015-10-10'),
('407', '159', '4', 'ES', '2015-10-10'),
('408', '159', '5', 'ES', '2015-10-10'),
('409', '159', '6', 'ES', '2015-10-10'),
('41', '104', '16', 'ES', '2015-10-10'),
('410', '159', '7', 'ES', '2015-10-10'),
('411', '159', '8', 'ES', '2015-10-10'),
('412', '159', '9', 'ES', '2015-10-10'),
('413', '16', '1', 'ES', '2015-10-10'),
('414', '16', '10', 'ES', '2015-10-10'),
('415', '16', '11', 'ES', '2015-10-10'),
('416', '16', '12', 'ES', '2015-10-10'),
('417', '16', '13', 'ES', '2015-10-10'),
('418', '16', '14', 'ES', '2015-10-10'),
('419', '16', '15', 'ES', '2015-10-10'),
('42', '104', '17', 'ES', '2015-10-10'),
('420', '16', '16', 'ES', '2015-10-10'),
('421', '16', '17', 'ES', '2015-10-10'),
('422', '16', '18', 'ES', '2015-10-10'),
('423', '16', '2', 'ES', '2015-10-10'),
('424', '16', '3', 'ES', '2015-10-10'),
('425', '16', '4', 'ES', '2015-10-10'),
('426', '16', '5', 'ES', '2015-10-10'),
('427', '16', '6', 'ES', '2015-10-10'),
('428', '16', '7', 'ES', '2015-10-10'),
('429', '16', '8', 'ES', '2015-10-10'),
('43', '104', '2', 'ES', '2015-10-10'),
('430', '16', '9', 'ES', '2015-10-10'),
('431', '160', '1', 'ES', '2015-10-10'),
('432', '160', '10', 'ES', '2015-10-10'),
('433', '160', '2', 'ES', '2015-10-10'),
('434', '160', '3', 'ES', '2015-10-10'),
('435', '160', '4', 'ES', '2015-10-10'),
('436', '160', '5', 'ES', '2015-10-10'),
('437', '160', '6', 'ES', '2015-10-10'),
('438', '160', '7', 'ES', '2015-10-10'),
('439', '160', '8', 'ES', '2015-10-10'),
('44', '104', '3', 'ES', '2015-10-10'),
('440', '160', '9', 'ES', '2015-10-10'),
('441', '168', '1', 'ES', '2015-10-10'),
('442', '168', '10', 'ES', '2015-10-10'),
('443', '168', '11', 'ES', '2015-10-10'),
('444', '168', '12', 'ES', '2015-10-10'),
('445', '168', '13', 'ES', '2015-10-10'),
('446', '168', '14', 'ES', '2015-10-10'),
('447', '168', '15', 'ES', '2015-10-10'),
('448', '168', '16', 'ES', '2015-10-10'),
('449', '168', '17', 'ES', '2015-10-10'),
('45', '104', '4', 'ES', '2015-10-10'),
('450', '168', '18', 'ES', '2015-10-10'),
('451', '168', '19', 'ES', '2015-10-10'),
('452', '168', '2', 'ES', '2015-10-10'),
('453', '168', '20', 'ES', '2015-10-10'),
('454', '168', '3', 'ES', '2015-10-10'),
('455', '168', '4', 'ES', '2015-10-10'),
('456', '168', '5', 'ES', '2015-10-10'),
('457', '168', '6', 'ES', '2015-10-10'),
('458', '168', '7', 'ES', '2015-10-10'),
('459', '168', '8', 'ES', '2015-10-10'),
('46', '104', '5', 'ES', '2015-10-10'),
('460', '168', '9', 'ES', '2015-10-10'),
('461', '172', '1', 'ES', '2015-10-10'),
('462', '172', '10', 'ES', '2015-10-10'),
('463', '172', '11', 'ES', '2015-10-10'),
('464', '172', '12', 'ES', '2015-10-10'),
('465', '172', '13', 'ES', '2015-10-10'),
('466', '172', '14', 'ES', '2015-10-10'),
('467', '172', '15', 'ES', '2015-10-10'),
('468', '172', '16', 'ES', '2015-10-10'),
('469', '172', '17', 'ES', '2015-10-10'),
('47', '104', '6', 'ES', '2015-10-10'),
('470', '172', '18', 'ES', '2015-10-10'),
('471', '172', '19', 'ES', '2015-10-10'),
('472', '172', '2', 'ES', '2015-10-10'),
('473', '172', '20', 'ES', '2015-10-10'),
('474', '172', '3', 'ES', '2015-10-10'),
('475', '172', '4', 'ES', '2015-10-10'),
('476', '172', '5', 'ES', '2015-10-10'),
('477', '172', '6', 'ES', '2015-10-10'),
('478', '172', '7', 'ES', '2015-10-10'),
('479', '172', '8', 'ES', '2015-10-10'),
('48', '104', '7', 'ES', '2015-10-10'),
('480', '172', '9', 'ES', '2015-10-10'),
('481', '173', '1', 'ES', '2015-10-10'),
('482', '173', '10', 'ES', '2015-10-10'),
('483', '173', '11', 'ES', '2015-10-10'),
('484', '173', '12', 'ES', '2015-10-10'),
('485', '173', '13', 'ES', '2015-10-10'),
('486', '173', '14', 'ES', '2015-10-10'),
('487', '173', '15', 'ES', '2015-10-10'),
('488', '173', '16', 'ES', '2015-10-10'),
('489', '173', '17', 'ES', '2015-10-10'),
('49', '104', '8', 'ES', '2015-10-10'),
('490', '173', '18', 'ES', '2015-10-10'),
('491', '173', '19', 'ES', '2015-10-10'),
('492', '173', '2', 'ES', '2015-10-10'),
('493', '173', '3', 'ES', '2015-10-10'),
('494', '173', '4', 'ES', '2015-10-10'),
('495', '173', '5', 'ES', '2015-10-10'),
('496', '173', '6', 'ES', '2015-10-10'),
('497', '173', '7', 'ES', '2015-10-10'),
('498', '173', '8', 'ES', '2015-10-10'),
('499', '173', '9', 'ES', '2015-10-10'),
('5', '1', '13', 'ES', '2015-10-10'),
('50', '104', '9', 'ES', '2015-10-10'),
('500', '2', '1', 'ES', '2015-10-10'),
('51', '107', '1', 'ES', '2015-10-10'),
('52', '107', '10', 'ES', '2015-10-10'),
('53', '107', '11', 'ES', '2015-10-10'),
('54', '107', '12', 'ES', '2015-10-10'),
('55', '107', '13', 'ES', '2015-10-10'),
('56', '107', '14', 'ES', '2015-10-10'),
('57', '107', '15', 'ES', '2015-10-10'),
('58', '107', '16', 'ES', '2015-10-10'),
('59', '107', '17', 'ES', '2015-10-10'),
('6', '1', '14', 'ES', '2015-10-10'),
('60', '107', '2', 'ES', '2015-10-10'),
('61', '107', '3', 'ES', '2015-10-10'),
('62', '107', '4', 'ES', '2015-10-10'),
('63', '107', '5', 'ES', '2015-10-10'),
('64', '107', '6', 'ES', '2015-10-10'),
('65', '107', '7', 'ES', '2015-10-10'),
('66', '107', '8', 'ES', '2015-10-10'),
('67', '107', '9', 'ES', '2015-10-10'),
('68', '108', '1', 'ES', '2015-10-10'),
('69', '108', '10', 'ES', '2015-10-10'),
('7', '1', '15', 'ES', '2015-10-10'),
('70', '108', '11', 'ES', '2015-10-10'),
('71', '108', '12', 'ES', '2015-10-10'),
('72', '108', '13', 'ES', '2015-10-10'),
('73', '108', '14', 'ES', '2015-10-10'),
('74', '108', '15', 'ES', '2015-10-10'),
('75', '108', '2', 'ES', '2015-10-10'),
('76', '108', '3', 'ES', '2015-10-10'),
('77', '108', '4', 'ES', '2015-10-10'),
('78', '108', '5', 'ES', '2015-10-10'),
('79', '108', '6', 'ES', '2015-10-10'),
('8', '1', '16', 'ES', '2015-10-10'),
('80', '108', '7', 'ES', '2015-10-10'),
('81', '108', '8', 'ES', '2015-10-10'),
('82', '108', '9', 'ES', '2015-10-10'),
('83', '110', '1', 'ES', '2015-10-10'),
('84', '110', '10', 'ES', '2015-10-10'),
('85', '110', '11', 'ES', '2015-10-10'),
('86', '110', '12', 'ES', '2015-10-10'),
('87', '110', '13', 'ES', '2015-10-10'),
('88', '110', '14', 'ES', '2015-10-10'),
('89', '110', '15', 'ES', '2015-10-10'),
('9', '1', '17', 'ES', '2015-10-10'),
('90', '110', '16', 'ES', '2015-10-10'),
('91', '110', '17', 'ES', '2015-10-10'),
('92', '110', '18', 'ES', '2015-10-10'),
('93', '110', '19', 'ES', '2015-10-10'),
('94', '110', '2', 'ES', '2015-10-10'),
('95', '110', '20', 'ES', '2015-10-10'),
('96', '110', '21', 'ES', '2015-10-10'),
('97', '110', '22', 'ES', '2015-10-10'),
('98', '110', '23', 'ES', '2015-10-10'),
('99', '110', '24', 'ES', '2015-10-10');

--
-- Index pour les tables exportées
--

--
-- Index pour la table `abonne`
--
ALTER TABLE `abonne`
  ADD PRIMARY KEY (`CODEACCES`,`CODESECRET`),
  ADD KEY `I_FK_ABONNE_ABONNEMENT` (`CODEA`);

--
-- Index pour la table `abonnement`
--
ALTER TABLE `abonnement`
  ADD PRIMARY KEY (`CODEA`);

--
-- Index pour la table `etat_plot`
--
ALTER TABLE `etat_plot`
  ADD PRIMARY KEY (`HEURE`,`DATEM`,`NUMS`,`NUM`),
  ADD KEY `I_FK_ETAT_PLOT_PLOT` (`NUMS`,`NUM`);

--
-- Index pour la table `etat_station`
--
ALTER TABLE `etat_station`
  ADD PRIMARY KEY (`HEURE`,`DATEM`,`NUMS`),
  ADD KEY `I_FK_ETAT_STATION_STATION` (`NUMS`);

--
-- Index pour la table `etat_velo`
--
ALTER TABLE `etat_velo`
  ADD PRIMARY KEY (`HEURE`,`DATEM`,`NUMV`),
  ADD KEY `I_FK_ETAT_VELO_VELO` (`NUMV`);

--
-- Index pour la table `louer`
--
ALTER TABLE `louer`
  ADD PRIMARY KEY (`CODEACCES`,`CODESECRET`,`NUMV`,`HEURE`,`DATEM`),
  ADD KEY `I_FK_LOUER_ABONNE` (`CODEACCES`,`CODESECRET`),
  ADD KEY `I_FK_LOUER_VELO` (`NUMV`);

--
-- Index pour la table `plot`
--
ALTER TABLE `plot`
  ADD PRIMARY KEY (`NUMS`,`NUM`),
  ADD UNIQUE KEY `I_FK_PLOT_VELO` (`NUMV`),
  ADD KEY `I_FK_PLOT_STATION` (`NUMS`);

--
-- Index pour la table `station`
--
ALTER TABLE `station`
  ADD PRIMARY KEY (`NUMS`);

--
-- Index pour la table `velo`
--
ALTER TABLE `velo`
  ADD PRIMARY KEY (`NUMV`),
  ADD UNIQUE KEY `I_FK_VELO_PLOT` (`NUMS`,`NUM`);

--
-- Contraintes pour les tables exportées
--

--
-- Contraintes pour la table `abonne`
--
ALTER TABLE `abonne`
  ADD CONSTRAINT `FK_ABONNE_ABONNEMENT` FOREIGN KEY (`CODEA`) REFERENCES `abonnement` (`CODEA`);

--
-- Contraintes pour la table `etat_plot`
--
ALTER TABLE `etat_plot`
  ADD CONSTRAINT `FK_ETAT_PLOT_PLOT` FOREIGN KEY (`NUMS`,`NUM`) REFERENCES `plot` (`NUMS`, `NUM`);

--
-- Contraintes pour la table `etat_station`
--
ALTER TABLE `etat_station`
  ADD CONSTRAINT `FK_ETAT_STATION_STATION` FOREIGN KEY (`NUMS`) REFERENCES `station` (`NUMS`);

--
-- Contraintes pour la table `etat_velo`
--
ALTER TABLE `etat_velo`
  ADD CONSTRAINT `FK_ETAT_VELO_VELO` FOREIGN KEY (`NUMV`) REFERENCES `velo` (`NUMV`);

--
-- Contraintes pour la table `louer`
--
ALTER TABLE `louer`
  ADD CONSTRAINT `FK_LOUER_ABONNE` FOREIGN KEY (`CODEACCES`,`CODESECRET`) REFERENCES `abonne` (`CODEACCES`, `CODESECRET`),
  ADD CONSTRAINT `FK_LOUER_VELO` FOREIGN KEY (`NUMV`) REFERENCES `velo` (`NUMV`);

--
-- Contraintes pour la table `plot`
--
ALTER TABLE `plot`
  ADD CONSTRAINT `FK_PLOT_STATION` FOREIGN KEY (`NUMS`) REFERENCES `station` (`NUMS`),
  ADD CONSTRAINT `FK_PLOT_VELO` FOREIGN KEY (`NUMV`) REFERENCES `velo` (`NUMV`);

--
-- Contraintes pour la table `velo`
--
ALTER TABLE `velo`
  ADD CONSTRAINT `FK_VELO_PLOT` FOREIGN KEY (`NUMS`,`NUM`) REFERENCES `plot` (`NUMS`, `NUM`);

/*!40101 SET CHARACTER_SET_CLIENT=@OLD_CHARACTER_SET_CLIENT */;
/*!40101 SET CHARACTER_SET_RESULTS=@OLD_CHARACTER_SET_RESULTS */;
/*!40101 SET COLLATION_CONNECTION=@OLD_COLLATION_CONNECTION */;
